"","Draw","chain","Animal","runs","Behavior","hours","status"
"1",1,1,1,29,"Foraging",232,1
"2",1,1,1,32,"Foraging",256,1
"3",1,1,1,8,"Foraging",64,1
"4",1,1,1,58,"Foraging",464,1
"5",1,1,1,10,"Foraging",80,1
"6",1,1,1,7,"Foraging",56,1
"7",1,1,1,69,"Foraging",552,1
"8",1,1,1,42,"Foraging",336,1
"9",1,1,1,5,"Foraging",40,1
"10",1,1,1,2,"Foraging",16,1
"11",1,1,1,2,"Foraging",16,1
"12",1,1,1,2,"Foraging",16,1
"13",1,1,1,2,"Foraging",16,1
"14",1,1,1,2,"Foraging",16,1
"15",1,1,1,2,"Foraging",16,1
"16",1,1,1,4,"Foraging",32,0
"17",1,1,2,6,"Foraging",48,1
"18",1,1,2,26,"Foraging",208,1
"19",1,1,2,1,"Foraging",8,1
"20",1,1,2,6,"Foraging",48,1
"21",1,1,2,2,"Foraging",16,0
"22",1,1,3,8,"Foraging",64,1
"23",1,1,3,3,"Foraging",24,1
"24",1,1,3,5,"Foraging",40,0
"25",1,1,4,1,"Foraging",8,1
"26",1,1,4,37,"Foraging",296,0
"27",1,2,1,2,"Foraging",16,1
"28",1,2,1,1,"Foraging",8,1
"29",1,2,1,1,"Foraging",8,1
"30",1,2,1,17,"Foraging",136,1
"31",1,2,1,2,"Foraging",16,1
"32",1,2,1,15,"Foraging",120,1
"33",1,2,1,8,"Foraging",64,1
"34",1,2,1,1,"Foraging",8,1
"35",1,2,1,6,"Foraging",48,1
"36",1,2,1,1,"Foraging",8,1
"37",1,2,1,7,"Foraging",56,1
"38",1,2,1,13,"Foraging",104,1
"39",1,2,1,3,"Foraging",24,1
"40",1,2,1,2,"Foraging",16,1
"41",1,2,1,19,"Foraging",152,1
"42",1,2,1,30,"Foraging",240,1
"43",1,2,1,4,"Foraging",32,1
"44",1,2,1,3,"Foraging",24,1
"45",1,2,1,7,"Foraging",56,1
"46",1,2,1,3,"Foraging",24,1
"47",1,2,1,4,"Foraging",32,1
"48",1,2,1,13,"Foraging",104,1
"49",1,2,1,1,"Foraging",8,1
"50",1,2,1,3,"Foraging",24,1
"51",1,2,1,1,"Foraging",8,1
"52",1,2,1,2,"Foraging",16,1
"53",1,2,1,7,"Foraging",56,1
"54",1,2,1,19,"Foraging",152,1
"55",1,2,1,10,"Foraging",80,1
"56",1,2,1,9,"Foraging",72,1
"57",1,2,1,5,"Foraging",40,1
"58",1,2,1,6,"Foraging",48,1
"59",1,2,1,6,"Foraging",48,1
"60",1,2,1,2,"Foraging",16,1
"61",1,2,1,2,"Foraging",16,1
"62",1,2,1,2,"Foraging",16,1
"63",1,2,1,2,"Foraging",16,1
"64",1,2,1,2,"Foraging",16,1
"65",1,2,1,2,"Foraging",16,1
"66",1,2,1,2,"Foraging",16,1
"67",1,2,1,2,"Foraging",16,1
"68",1,2,1,4,"Foraging",32,0
"69",1,2,2,2,"Foraging",16,1
"70",1,2,2,4,"Foraging",32,1
"71",1,2,2,7,"Foraging",56,1
"72",1,2,2,18,"Foraging",144,1
"73",1,2,2,6,"Foraging",48,1
"74",1,2,2,2,"Foraging",16,0
"75",1,2,3,1,"Foraging",8,1
"76",1,2,3,8,"Foraging",64,1
"77",1,2,3,1,"Foraging",8,1
"78",1,2,3,4,"Foraging",32,1
"79",1,2,4,12,"Foraging",96,1
"80",1,2,4,2,"Foraging",16,1
"81",1,2,4,17,"Foraging",136,1
"82",1,2,4,2,"Foraging",16,1
"83",1,2,4,1,"Foraging",8,1
"84",2,1,1,2,"Foraging",16,1
"85",2,1,1,1,"Foraging",8,1
"86",2,1,1,19,"Foraging",152,1
"87",2,1,1,22,"Foraging",176,1
"88",2,1,1,24,"Foraging",192,1
"89",2,1,1,31,"Foraging",248,1
"90",2,1,1,25,"Foraging",200,1
"91",2,1,1,12,"Foraging",96,1
"92",2,1,1,4,"Foraging",32,1
"93",2,1,1,13,"Foraging",104,1
"94",2,1,1,21,"Foraging",168,1
"95",2,1,1,13,"Foraging",104,1
"96",2,1,1,6,"Foraging",48,1
"97",2,1,1,10,"Foraging",80,1
"98",2,1,1,17,"Foraging",136,1
"99",2,1,1,7,"Foraging",56,1
"100",2,1,1,19,"Foraging",152,1
"101",2,1,1,2,"Foraging",16,1
"102",2,1,1,2,"Foraging",16,1
"103",2,1,1,2,"Foraging",16,1
"104",2,1,1,2,"Foraging",16,1
"105",2,1,1,5,"Foraging",40,1
"106",2,1,1,2,"Foraging",16,1
"107",2,1,1,2,"Foraging",16,1
"108",2,1,1,4,"Foraging",32,0
"109",2,1,2,1,"Foraging",8,1
"110",2,1,2,20,"Foraging",160,1
"111",2,1,2,7,"Foraging",56,1
"112",2,1,2,2,"Foraging",16,1
"113",2,1,2,1,"Foraging",8,1
"114",2,1,2,5,"Foraging",40,1
"115",2,1,2,1,"Foraging",8,0
"116",2,1,3,3,"Foraging",24,1
"117",2,1,3,2,"Foraging",16,1
"118",2,1,3,3,"Foraging",24,1
"119",2,1,3,2,"Foraging",16,1
"120",2,1,3,2,"Foraging",16,0
"121",2,1,4,4,"Foraging",32,1
"122",2,1,4,2,"Foraging",16,1
"123",2,1,4,6,"Foraging",48,1
"124",2,1,4,9,"Foraging",72,1
"125",2,1,4,5,"Foraging",40,1
"126",2,1,4,1,"Foraging",8,1
"127",2,1,4,5,"Foraging",40,0
"128",2,2,1,4,"Foraging",32,1
"129",2,2,1,7,"Foraging",56,1
"130",2,2,1,6,"Foraging",48,1
"131",2,2,1,7,"Foraging",56,1
"132",2,2,1,1,"Foraging",8,1
"133",2,2,1,3,"Foraging",24,1
"134",2,2,1,4,"Foraging",32,1
"135",2,2,1,4,"Foraging",32,1
"136",2,2,1,14,"Foraging",112,1
"137",2,2,1,12,"Foraging",96,1
"138",2,2,1,21,"Foraging",168,1
"139",2,2,1,19,"Foraging",152,1
"140",2,2,1,4,"Foraging",32,1
"141",2,2,1,30,"Foraging",240,1
"142",2,2,1,2,"Foraging",16,1
"143",2,2,1,5,"Foraging",40,1
"144",2,2,1,10,"Foraging",80,1
"145",2,2,1,9,"Foraging",72,1
"146",2,2,1,18,"Foraging",144,1
"147",2,2,1,28,"Foraging",224,1
"148",2,2,1,1,"Foraging",8,1
"149",2,2,1,4,"Foraging",32,1
"150",2,2,1,5,"Foraging",40,1
"151",2,2,1,3,"Foraging",24,1
"152",2,2,1,18,"Foraging",144,1
"153",2,2,1,2,"Foraging",16,1
"154",2,2,1,2,"Foraging",16,1
"155",2,2,1,2,"Foraging",16,1
"156",2,2,1,2,"Foraging",16,1
"157",2,2,1,5,"Foraging",40,1
"158",2,2,1,5,"Foraging",40,1
"159",2,2,1,4,"Foraging",32,0
"160",2,2,2,1,"Foraging",8,1
"161",2,2,2,13,"Foraging",104,1
"162",2,2,2,6,"Foraging",48,1
"163",2,2,2,9,"Foraging",72,1
"164",2,2,2,1,"Foraging",8,1
"165",2,2,2,7,"Foraging",56,0
"166",2,2,3,12,"Foraging",96,1
"167",2,2,3,5,"Foraging",40,0
"168",2,2,4,4,"Foraging",32,1
"169",2,2,4,4,"Foraging",32,1
"170",2,2,4,11,"Foraging",88,1
"171",2,2,4,4,"Foraging",32,1
"172",2,2,4,7,"Foraging",56,1
"173",2,2,4,1,"Foraging",8,1
"174",2,2,4,2,"Foraging",16,0
"175",3,1,1,4,"Foraging",32,1
"176",3,1,1,7,"Foraging",56,1
"177",3,1,1,6,"Foraging",48,1
"178",3,1,1,8,"Foraging",64,1
"179",3,1,1,7,"Foraging",56,1
"180",3,1,1,22,"Foraging",176,1
"181",3,1,1,5,"Foraging",40,1
"182",3,1,1,23,"Foraging",184,1
"183",3,1,1,16,"Foraging",128,1
"184",3,1,1,12,"Foraging",96,1
"185",3,1,1,20,"Foraging",160,1
"186",3,1,1,6,"Foraging",48,1
"187",3,1,1,6,"Foraging",48,1
"188",3,1,1,15,"Foraging",120,1
"189",3,1,1,3,"Foraging",24,1
"190",3,1,1,10,"Foraging",80,1
"191",3,1,1,9,"Foraging",72,1
"192",3,1,1,4,"Foraging",32,1
"193",3,1,1,1,"Foraging",8,1
"194",3,1,1,9,"Foraging",72,1
"195",3,1,1,14,"Foraging",112,1
"196",3,1,1,3,"Foraging",24,1
"197",3,1,1,1,"Foraging",8,1
"198",3,1,1,3,"Foraging",24,1
"199",3,1,1,9,"Foraging",72,1
"200",3,1,1,10,"Foraging",80,1
"201",3,1,1,2,"Foraging",16,1
"202",3,1,1,2,"Foraging",16,1
"203",3,1,1,2,"Foraging",16,1
"204",3,1,1,2,"Foraging",16,1
"205",3,1,1,2,"Foraging",16,1
"206",3,1,1,2,"Foraging",16,1
"207",3,1,1,2,"Foraging",16,1
"208",3,1,1,2,"Foraging",16,1
"209",3,1,1,4,"Foraging",32,0
"210",3,1,2,3,"Foraging",24,1
"211",3,1,2,8,"Foraging",64,1
"212",3,1,2,9,"Foraging",72,1
"213",3,1,2,1,"Foraging",8,1
"214",3,1,2,1,"Foraging",8,1
"215",3,1,2,5,"Foraging",40,1
"216",3,1,2,9,"Foraging",72,0
"217",3,1,3,1,"Foraging",8,1
"218",3,1,3,1,"Foraging",8,1
"219",3,1,3,1,"Foraging",8,1
"220",3,1,3,2,"Foraging",16,1
"221",3,1,3,3,"Foraging",24,1
"222",3,1,3,2,"Foraging",16,1
"223",3,1,3,1,"Foraging",8,1
"224",3,1,4,14,"Foraging",112,1
"225",3,1,4,12,"Foraging",96,1
"226",3,1,4,1,"Foraging",8,1
"227",3,1,4,8,"Foraging",64,0
"228",3,2,1,22,"Foraging",176,1
"229",3,2,1,3,"Foraging",24,1
"230",3,2,1,5,"Foraging",40,1
"231",3,2,1,1,"Foraging",8,1
"232",3,2,1,2,"Foraging",16,1
"233",3,2,1,5,"Foraging",40,1
"234",3,2,1,12,"Foraging",96,1
"235",3,2,1,21,"Foraging",168,1
"236",3,2,1,4,"Foraging",32,1
"237",3,2,1,1,"Foraging",8,1
"238",3,2,1,12,"Foraging",96,1
"239",3,2,1,4,"Foraging",32,1
"240",3,2,1,17,"Foraging",136,1
"241",3,2,1,1,"Foraging",8,1
"242",3,2,1,1,"Foraging",8,1
"243",3,2,1,1,"Foraging",8,1
"244",3,2,1,5,"Foraging",40,1
"245",3,2,1,6,"Foraging",48,1
"246",3,2,1,18,"Foraging",144,1
"247",3,2,1,2,"Foraging",16,1
"248",3,2,1,17,"Foraging",136,1
"249",3,2,1,52,"Foraging",416,1
"250",3,2,1,1,"Foraging",8,1
"251",3,2,1,7,"Foraging",56,1
"252",3,2,1,3,"Foraging",24,1
"253",3,2,1,12,"Foraging",96,1
"254",3,2,1,2,"Foraging",16,1
"255",3,2,1,2,"Foraging",16,1
"256",3,2,1,2,"Foraging",16,1
"257",3,2,1,5,"Foraging",40,1
"258",3,2,1,2,"Foraging",16,1
"259",3,2,1,2,"Foraging",16,1
"260",3,2,1,2,"Foraging",16,1
"261",3,2,1,4,"Foraging",32,0
"262",3,2,2,5,"Foraging",40,1
"263",3,2,2,3,"Foraging",24,1
"264",3,2,2,16,"Foraging",128,1
"265",3,2,2,2,"Foraging",16,1
"266",3,2,2,2,"Foraging",16,1
"267",3,2,2,9,"Foraging",72,0
"268",3,2,3,9,"Foraging",72,1
"269",3,2,3,5,"Foraging",40,0
"270",3,2,4,1,"Foraging",8,1
"271",3,2,4,19,"Foraging",152,1
"272",3,2,4,5,"Foraging",40,1
"273",3,2,4,10,"Foraging",80,0
"274",4,1,1,9,"Foraging",72,1
"275",4,1,1,2,"Foraging",16,1
"276",4,1,1,25,"Foraging",200,1
"277",4,1,1,4,"Foraging",32,1
"278",4,1,1,11,"Foraging",88,1
"279",4,1,1,8,"Foraging",64,1
"280",4,1,1,10,"Foraging",80,1
"281",4,1,1,49,"Foraging",392,1
"282",4,1,1,10,"Foraging",80,1
"283",4,1,1,5,"Foraging",40,1
"284",4,1,1,4,"Foraging",32,1
"285",4,1,1,3,"Foraging",24,1
"286",4,1,1,2,"Foraging",16,1
"287",4,1,1,10,"Foraging",80,1
"288",4,1,1,1,"Foraging",8,1
"289",4,1,1,14,"Foraging",112,1
"290",4,1,1,4,"Foraging",32,1
"291",4,1,1,16,"Foraging",128,1
"292",4,1,1,9,"Foraging",72,1
"293",4,1,1,23,"Foraging",184,1
"294",4,1,1,8,"Foraging",64,1
"295",4,1,1,13,"Foraging",104,1
"296",4,1,1,2,"Foraging",16,1
"297",4,1,1,2,"Foraging",16,1
"298",4,1,1,2,"Foraging",16,1
"299",4,1,1,2,"Foraging",16,1
"300",4,1,1,2,"Foraging",16,1
"301",4,1,1,2,"Foraging",16,1
"302",4,1,1,2,"Foraging",16,1
"303",4,1,1,2,"Foraging",16,1
"304",4,1,1,4,"Foraging",32,0
"305",4,1,2,2,"Foraging",16,1
"306",4,1,2,2,"Foraging",16,1
"307",4,1,2,3,"Foraging",24,1
"308",4,1,2,1,"Foraging",8,1
"309",4,1,2,1,"Foraging",8,1
"310",4,1,2,5,"Foraging",40,1
"311",4,1,2,10,"Foraging",80,1
"312",4,1,2,8,"Foraging",64,1
"313",4,1,3,3,"Foraging",24,1
"314",4,1,3,1,"Foraging",8,1
"315",4,1,3,1,"Foraging",8,1
"316",4,1,3,1,"Foraging",8,1
"317",4,1,3,1,"Foraging",8,1
"318",4,1,3,1,"Foraging",8,1
"319",4,1,3,2,"Foraging",16,1
"320",4,1,3,2,"Foraging",16,0
"321",4,1,4,3,"Foraging",24,1
"322",4,1,4,4,"Foraging",32,1
"323",4,1,4,7,"Foraging",56,1
"324",4,1,4,22,"Foraging",176,0
"325",4,2,1,16,"Foraging",128,1
"326",4,2,1,18,"Foraging",144,1
"327",4,2,1,22,"Foraging",176,1
"328",4,2,1,13,"Foraging",104,1
"329",4,2,1,15,"Foraging",120,1
"330",4,2,1,24,"Foraging",192,1
"331",4,2,1,60,"Foraging",480,1
"332",4,2,1,17,"Foraging",136,1
"333",4,2,1,33,"Foraging",264,1
"334",4,2,1,4,"Foraging",32,1
"335",4,2,1,19,"Foraging",152,1
"336",4,2,1,5,"Foraging",40,1
"337",4,2,1,2,"Foraging",16,1
"338",4,2,1,2,"Foraging",16,1
"339",4,2,1,2,"Foraging",16,1
"340",4,2,1,2,"Foraging",16,1
"341",4,2,1,2,"Foraging",16,1
"342",4,2,1,2,"Foraging",16,1
"343",4,2,1,2,"Foraging",16,1
"344",4,2,1,2,"Foraging",16,1
"345",4,2,1,2,"Foraging",16,1
"346",4,2,1,4,"Foraging",32,0
"347",4,2,2,11,"Foraging",88,1
"348",4,2,2,4,"Foraging",32,1
"349",4,2,2,4,"Foraging",32,1
"350",4,2,2,10,"Foraging",80,1
"351",4,2,2,3,"Foraging",24,1
"352",4,2,2,5,"Foraging",40,0
"353",4,2,3,9,"Foraging",72,1
"354",4,2,3,5,"Foraging",40,0
"355",4,2,4,37,"Foraging",296,0
"356",5,1,1,2,"Foraging",16,1
"357",5,1,1,7,"Foraging",56,1
"358",5,1,1,30,"Foraging",240,1
"359",5,1,1,10,"Foraging",80,1
"360",5,1,1,13,"Foraging",104,1
"361",5,1,1,13,"Foraging",104,1
"362",5,1,1,9,"Foraging",72,1
"363",5,1,1,34,"Foraging",272,1
"364",5,1,1,7,"Foraging",56,1
"365",5,1,1,7,"Foraging",56,1
"366",5,1,1,5,"Foraging",40,1
"367",5,1,1,12,"Foraging",96,1
"368",5,1,1,1,"Foraging",8,1
"369",5,1,1,1,"Foraging",8,1
"370",5,1,1,5,"Foraging",40,1
"371",5,1,1,5,"Foraging",40,1
"372",5,1,1,8,"Foraging",64,1
"373",5,1,1,10,"Foraging",80,1
"374",5,1,1,23,"Foraging",184,1
"375",5,1,1,6,"Foraging",48,1
"376",5,1,1,32,"Foraging",256,1
"377",5,1,1,2,"Foraging",16,1
"378",5,1,1,2,"Foraging",16,1
"379",5,1,1,2,"Foraging",16,1
"380",5,1,1,2,"Foraging",16,1
"381",5,1,1,2,"Foraging",16,1
"382",5,1,1,2,"Foraging",16,1
"383",5,1,1,2,"Foraging",16,1
"384",5,1,1,2,"Foraging",16,1
"385",5,1,1,1,"Foraging",8,1
"386",5,1,1,2,"Foraging",16,0
"387",5,1,2,1,"Foraging",8,1
"388",5,1,2,3,"Foraging",24,1
"389",5,1,2,8,"Foraging",64,1
"390",5,1,2,6,"Foraging",48,1
"391",5,1,2,9,"Foraging",72,1
"392",5,1,2,7,"Foraging",56,1
"393",5,1,2,1,"Foraging",8,0
"394",5,1,3,1,"Foraging",8,1
"395",5,1,3,3,"Foraging",24,1
"396",5,1,3,3,"Foraging",24,1
"397",5,1,3,3,"Foraging",24,1
"398",5,1,3,2,"Foraging",16,1
"399",5,1,3,1,"Foraging",8,1
"400",5,1,4,11,"Foraging",88,1
"401",5,1,4,27,"Foraging",216,0
"402",5,2,1,4,"Foraging",32,1
"403",5,2,1,1,"Foraging",8,1
"404",5,2,1,5,"Foraging",40,1
"405",5,2,1,6,"Foraging",48,1
"406",5,2,1,2,"Foraging",16,1
"407",5,2,1,15,"Foraging",120,1
"408",5,2,1,16,"Foraging",128,1
"409",5,2,1,7,"Foraging",56,1
"410",5,2,1,9,"Foraging",72,1
"411",5,2,1,10,"Foraging",80,1
"412",5,2,1,1,"Foraging",8,1
"413",5,2,1,3,"Foraging",24,1
"414",5,2,1,11,"Foraging",88,1
"415",5,2,1,9,"Foraging",72,1
"416",5,2,1,10,"Foraging",80,1
"417",5,2,1,18,"Foraging",144,1
"418",5,2,1,9,"Foraging",72,1
"419",5,2,1,7,"Foraging",56,1
"420",5,2,1,26,"Foraging",208,1
"421",5,2,1,18,"Foraging",144,1
"422",5,2,1,16,"Foraging",128,1
"423",5,2,1,2,"Foraging",16,1
"424",5,2,1,36,"Foraging",288,1
"425",5,2,1,2,"Foraging",16,1
"426",5,2,1,2,"Foraging",16,1
"427",5,2,1,2,"Foraging",16,1
"428",5,2,1,2,"Foraging",16,1
"429",5,2,1,2,"Foraging",16,1
"430",5,2,1,2,"Foraging",16,1
"431",5,2,1,2,"Foraging",16,1
"432",5,2,1,2,"Foraging",16,1
"433",5,2,1,1,"Foraging",8,1
"434",5,2,1,2,"Foraging",16,0
"435",5,2,2,2,"Foraging",16,1
"436",5,2,2,8,"Foraging",64,1
"437",5,2,2,10,"Foraging",80,1
"438",5,2,2,11,"Foraging",88,1
"439",5,2,2,7,"Foraging",56,1
"440",5,2,2,1,"Foraging",8,0
"441",5,2,3,1,"Foraging",8,1
"442",5,2,3,1,"Foraging",8,1
"443",5,2,3,5,"Foraging",40,1
"444",5,2,3,2,"Foraging",16,1
"445",5,2,3,1,"Foraging",8,1
"446",5,2,3,3,"Foraging",24,0
"447",5,2,4,9,"Foraging",72,1
"448",5,2,4,3,"Foraging",24,1
"449",5,2,4,19,"Foraging",152,1
"450",5,2,4,2,"Foraging",16,1
"451",6,1,1,1,"Foraging",8,1
"452",6,1,1,40,"Foraging",320,1
"453",6,1,1,31,"Foraging",248,1
"454",6,1,1,22,"Foraging",176,1
"455",6,1,1,7,"Foraging",56,1
"456",6,1,1,10,"Foraging",80,1
"457",6,1,1,16,"Foraging",128,1
"458",6,1,1,3,"Foraging",24,1
"459",6,1,1,16,"Foraging",128,1
"460",6,1,1,15,"Foraging",120,1
"461",6,1,1,7,"Foraging",56,1
"462",6,1,1,6,"Foraging",48,1
"463",6,1,1,49,"Foraging",392,1
"464",6,1,1,16,"Foraging",128,1
"465",6,1,1,7,"Foraging",56,1
"466",6,1,1,2,"Foraging",16,1
"467",6,1,1,2,"Foraging",16,1
"468",6,1,1,2,"Foraging",16,1
"469",6,1,1,2,"Foraging",16,1
"470",6,1,1,5,"Foraging",40,1
"471",6,1,1,2,"Foraging",16,1
"472",6,1,1,2,"Foraging",16,1
"473",6,1,1,4,"Foraging",32,0
"474",6,1,2,1,"Foraging",8,1
"475",6,1,2,1,"Foraging",8,1
"476",6,1,2,18,"Foraging",144,1
"477",6,1,2,1,"Foraging",8,1
"478",6,1,2,10,"Foraging",80,1
"479",6,1,2,7,"Foraging",56,1
"480",6,1,2,1,"Foraging",8,0
"481",6,1,3,1,"Foraging",8,1
"482",6,1,3,1,"Foraging",8,1
"483",6,1,3,1,"Foraging",8,1
"484",6,1,3,1,"Foraging",8,1
"485",6,1,3,3,"Foraging",24,1
"486",6,1,3,2,"Foraging",16,1
"487",6,1,3,2,"Foraging",16,0
"488",6,1,4,8,"Foraging",64,1
"489",6,1,4,2,"Foraging",16,1
"490",6,1,4,5,"Foraging",40,1
"491",6,1,4,1,"Foraging",8,1
"492",6,1,4,17,"Foraging",136,0
"493",6,2,1,14,"Foraging",112,1
"494",6,2,1,40,"Foraging",320,1
"495",6,2,1,12,"Foraging",96,1
"496",6,2,1,21,"Foraging",168,1
"497",6,2,1,1,"Foraging",8,1
"498",6,2,1,6,"Foraging",48,1
"499",6,2,1,10,"Foraging",80,1
"500",6,2,1,17,"Foraging",136,1
"501",6,2,1,5,"Foraging",40,1
"502",6,2,1,6,"Foraging",48,1
"503",6,2,1,1,"Foraging",8,1
"504",6,2,1,16,"Foraging",128,1
"505",6,2,1,8,"Foraging",64,1
"506",6,2,1,5,"Foraging",40,1
"507",6,2,1,3,"Foraging",24,1
"508",6,2,1,25,"Foraging",200,1
"509",6,2,1,2,"Foraging",16,1
"510",6,2,1,11,"Foraging",88,1
"511",6,2,1,6,"Foraging",48,1
"512",6,2,1,15,"Foraging",120,1
"513",6,2,1,14,"Foraging",112,1
"514",6,2,1,2,"Foraging",16,1
"515",6,2,1,2,"Foraging",16,1
"516",6,2,1,2,"Foraging",16,1
"517",6,2,1,2,"Foraging",16,1
"518",6,2,1,2,"Foraging",16,1
"519",6,2,1,5,"Foraging",40,1
"520",6,2,1,2,"Foraging",16,1
"521",6,2,1,2,"Foraging",16,1
"522",6,2,1,4,"Foraging",32,0
"523",6,2,2,1,"Foraging",8,1
"524",6,2,2,13,"Foraging",104,1
"525",6,2,2,10,"Foraging",80,1
"526",6,2,2,2,"Foraging",16,1
"527",6,2,2,5,"Foraging",40,1
"528",6,2,2,1,"Foraging",8,1
"529",6,2,2,5,"Foraging",40,1
"530",6,2,2,1,"Foraging",8,0
"531",6,2,3,3,"Foraging",24,1
"532",6,2,3,8,"Foraging",64,1
"533",6,2,3,3,"Foraging",24,1
"534",6,2,3,1,"Foraging",8,0
"535",6,2,4,30,"Foraging",240,1
"536",6,2,4,1,"Foraging",8,1
"537",6,2,4,4,"Foraging",32,0
"538",7,1,1,1,"Foraging",8,1
"539",7,1,1,1,"Foraging",8,1
"540",7,1,1,33,"Foraging",264,1
"541",7,1,1,1,"Foraging",8,1
"542",7,1,1,18,"Foraging",144,1
"543",7,1,1,9,"Foraging",72,1
"544",7,1,1,4,"Foraging",32,1
"545",7,1,1,4,"Foraging",32,1
"546",7,1,1,28,"Foraging",224,1
"547",7,1,1,7,"Foraging",56,1
"548",7,1,1,1,"Foraging",8,1
"549",7,1,1,5,"Foraging",40,1
"550",7,1,1,7,"Foraging",56,1
"551",7,1,1,8,"Foraging",64,1
"552",7,1,1,9,"Foraging",72,1
"553",7,1,1,4,"Foraging",32,1
"554",7,1,1,2,"Foraging",16,1
"555",7,1,1,2,"Foraging",16,1
"556",7,1,1,2,"Foraging",16,1
"557",7,1,1,2,"Foraging",16,1
"558",7,1,1,3,"Foraging",24,1
"559",7,1,1,2,"Foraging",16,1
"560",7,1,1,5,"Foraging",40,1
"561",7,1,1,5,"Foraging",40,1
"562",7,1,1,16,"Foraging",128,1
"563",7,1,1,9,"Foraging",72,1
"564",7,1,1,13,"Foraging",104,1
"565",7,1,1,12,"Foraging",96,1
"566",7,1,1,4,"Foraging",32,1
"567",7,1,1,4,"Foraging",32,1
"568",7,1,1,8,"Foraging",64,1
"569",7,1,1,2,"Foraging",16,1
"570",7,1,1,2,"Foraging",16,1
"571",7,1,1,5,"Foraging",40,1
"572",7,1,1,2,"Foraging",16,1
"573",7,1,1,5,"Foraging",40,1
"574",7,1,1,2,"Foraging",16,1
"575",7,1,1,2,"Foraging",16,1
"576",7,1,1,4,"Foraging",32,0
"577",7,1,2,1,"Foraging",8,1
"578",7,1,2,1,"Foraging",8,1
"579",7,1,2,21,"Foraging",168,1
"580",7,1,2,9,"Foraging",72,1
"581",7,1,2,3,"Foraging",24,1
"582",7,1,2,4,"Foraging",32,1
"583",7,1,3,9,"Foraging",72,1
"584",7,1,3,3,"Foraging",24,1
"585",7,1,3,1,"Foraging",8,1
"586",7,1,3,3,"Foraging",24,0
"587",7,1,4,2,"Foraging",16,1
"588",7,1,4,6,"Foraging",48,1
"589",7,1,4,1,"Foraging",8,1
"590",7,1,4,8,"Foraging",64,1
"591",7,1,4,9,"Foraging",72,1
"592",7,1,4,8,"Foraging",64,0
"593",7,2,1,1,"Foraging",8,1
"594",7,2,1,1,"Foraging",8,1
"595",7,2,1,9,"Foraging",72,1
"596",7,2,1,8,"Foraging",64,1
"597",7,2,1,2,"Foraging",16,1
"598",7,2,1,13,"Foraging",104,1
"599",7,2,1,5,"Foraging",40,1
"600",7,2,1,30,"Foraging",240,1
"601",7,2,1,1,"Foraging",8,1
"602",7,2,1,2,"Foraging",16,1
"603",7,2,1,39,"Foraging",312,1
"604",7,2,1,2,"Foraging",16,1
"605",7,2,1,1,"Foraging",8,1
"606",7,2,1,13,"Foraging",104,1
"607",7,2,1,28,"Foraging",224,1
"608",7,2,1,6,"Foraging",48,1
"609",7,2,1,9,"Foraging",72,1
"610",7,2,1,4,"Foraging",32,1
"611",7,2,1,1,"Foraging",8,1
"612",7,2,1,19,"Foraging",152,1
"613",7,2,1,13,"Foraging",104,1
"614",7,2,1,10,"Foraging",80,1
"615",7,2,1,8,"Foraging",64,1
"616",7,2,1,14,"Foraging",112,1
"617",7,2,1,2,"Foraging",16,1
"618",7,2,1,2,"Foraging",16,1
"619",7,2,1,2,"Foraging",16,1
"620",7,2,1,2,"Foraging",16,1
"621",7,2,1,2,"Foraging",16,1
"622",7,2,1,2,"Foraging",16,1
"623",7,2,1,2,"Foraging",16,1
"624",7,2,1,2,"Foraging",16,1
"625",7,2,1,3,"Foraging",24,1
"626",7,2,2,1,"Foraging",8,1
"627",7,2,2,19,"Foraging",152,1
"628",7,2,2,7,"Foraging",56,1
"629",7,2,2,4,"Foraging",32,1
"630",7,2,2,3,"Foraging",24,1
"631",7,2,2,5,"Foraging",40,0
"632",7,2,3,1,"Foraging",8,1
"633",7,2,3,1,"Foraging",8,1
"634",7,2,3,1,"Foraging",8,1
"635",7,2,3,1,"Foraging",8,1
"636",7,2,3,1,"Foraging",8,1
"637",7,2,3,1,"Foraging",8,1
"638",7,2,3,1,"Foraging",8,1
"639",7,2,3,2,"Foraging",16,1
"640",7,2,3,1,"Foraging",8,1
"641",7,2,4,1,"Foraging",8,1
"642",7,2,4,2,"Foraging",16,1
"643",7,2,4,4,"Foraging",32,1
"644",7,2,4,15,"Foraging",120,1
"645",7,2,4,11,"Foraging",88,0
"646",8,1,1,4,"Foraging",32,1
"647",8,1,1,14,"Foraging",112,1
"648",8,1,1,12,"Foraging",96,1
"649",8,1,1,11,"Foraging",88,1
"650",8,1,1,18,"Foraging",144,1
"651",8,1,1,29,"Foraging",232,1
"652",8,1,1,3,"Foraging",24,1
"653",8,1,1,15,"Foraging",120,1
"654",8,1,1,3,"Foraging",24,1
"655",8,1,1,25,"Foraging",200,1
"656",8,1,1,15,"Foraging",120,1
"657",8,1,1,18,"Foraging",144,1
"658",8,1,1,45,"Foraging",360,1
"659",8,1,1,1,"Foraging",8,1
"660",8,1,1,33,"Foraging",264,1
"661",8,1,1,2,"Foraging",16,1
"662",8,1,1,2,"Foraging",16,1
"663",8,1,1,2,"Foraging",16,1
"664",8,1,1,2,"Foraging",16,1
"665",8,1,1,2,"Foraging",16,1
"666",8,1,1,2,"Foraging",16,1
"667",8,1,1,2,"Foraging",16,1
"668",8,1,1,2,"Foraging",16,1
"669",8,1,1,2,"Foraging",16,1
"670",8,1,1,4,"Foraging",32,0
"671",8,1,2,10,"Foraging",80,1
"672",8,1,2,3,"Foraging",24,1
"673",8,1,2,4,"Foraging",32,1
"674",8,1,2,7,"Foraging",56,1
"675",8,1,2,3,"Foraging",24,1
"676",8,1,2,1,"Foraging",8,1
"677",8,1,2,7,"Foraging",56,1
"678",8,1,2,1,"Foraging",8,0
"679",8,1,3,9,"Foraging",72,1
"680",8,1,3,3,"Foraging",24,1
"681",8,1,3,5,"Foraging",40,0
"682",8,1,4,1,"Foraging",8,1
"683",8,1,4,10,"Foraging",80,1
"684",8,1,4,26,"Foraging",208,0
"685",8,2,1,4,"Foraging",32,1
"686",8,2,1,11,"Foraging",88,1
"687",8,2,1,14,"Foraging",112,1
"688",8,2,1,26,"Foraging",208,1
"689",8,2,1,15,"Foraging",120,1
"690",8,2,1,11,"Foraging",88,1
"691",8,2,1,29,"Foraging",232,1
"692",8,2,1,2,"Foraging",16,1
"693",8,2,1,2,"Foraging",16,1
"694",8,2,1,28,"Foraging",224,1
"695",8,2,1,6,"Foraging",48,1
"696",8,2,1,18,"Foraging",144,1
"697",8,2,1,6,"Foraging",48,1
"698",8,2,1,3,"Foraging",24,1
"699",8,2,1,64,"Foraging",512,1
"700",8,2,1,5,"Foraging",40,1
"701",8,2,1,2,"Foraging",16,1
"702",8,2,1,2,"Foraging",16,1
"703",8,2,1,2,"Foraging",16,1
"704",8,2,1,2,"Foraging",16,1
"705",8,2,1,2,"Foraging",16,1
"706",8,2,1,2,"Foraging",16,1
"707",8,2,1,2,"Foraging",16,1
"708",8,2,1,2,"Foraging",16,1
"709",8,2,1,2,"Foraging",16,1
"710",8,2,1,4,"Foraging",32,0
"711",8,2,2,12,"Foraging",96,1
"712",8,2,2,14,"Foraging",112,1
"713",8,2,2,6,"Foraging",48,1
"714",8,2,2,9,"Foraging",72,0
"715",8,2,3,5,"Foraging",40,1
"716",8,2,3,3,"Foraging",24,1
"717",8,2,3,3,"Foraging",24,1
"718",8,2,3,2,"Foraging",16,1
"719",8,2,3,2,"Foraging",16,0
"720",8,2,4,4,"Foraging",32,1
"721",8,2,4,28,"Foraging",224,1
"722",8,2,4,5,"Foraging",40,0
"723",9,1,1,2,"Foraging",16,1
"724",9,1,1,5,"Foraging",40,1
"725",9,1,1,7,"Foraging",56,1
"726",9,1,1,9,"Foraging",72,1
"727",9,1,1,14,"Foraging",112,1
"728",9,1,1,11,"Foraging",88,1
"729",9,1,1,6,"Foraging",48,1
"730",9,1,1,7,"Foraging",56,1
"731",9,1,1,13,"Foraging",104,1
"732",9,1,1,3,"Foraging",24,1
"733",9,1,1,25,"Foraging",200,1
"734",9,1,1,3,"Foraging",24,1
"735",9,1,1,19,"Foraging",152,1
"736",9,1,1,1,"Foraging",8,1
"737",9,1,1,10,"Foraging",80,1
"738",9,1,1,16,"Foraging",128,1
"739",9,1,1,4,"Foraging",32,1
"740",9,1,1,5,"Foraging",40,1
"741",9,1,1,1,"Foraging",8,1
"742",9,1,1,12,"Foraging",96,1
"743",9,1,1,10,"Foraging",80,1
"744",9,1,1,10,"Foraging",80,1
"745",9,1,1,15,"Foraging",120,1
"746",9,1,1,1,"Foraging",8,1
"747",9,1,1,3,"Foraging",24,1
"748",9,1,1,1,"Foraging",8,1
"749",9,1,1,16,"Foraging",128,1
"750",9,1,1,2,"Foraging",16,1
"751",9,1,1,2,"Foraging",16,1
"752",9,1,1,2,"Foraging",16,1
"753",9,1,1,2,"Foraging",16,1
"754",9,1,1,2,"Foraging",16,1
"755",9,1,1,2,"Foraging",16,1
"756",9,1,1,2,"Foraging",16,1
"757",9,1,1,2,"Foraging",16,1
"758",9,1,1,4,"Foraging",32,0
"759",9,1,2,1,"Foraging",8,1
"760",9,1,2,3,"Foraging",24,1
"761",9,1,2,3,"Foraging",24,1
"762",9,1,2,6,"Foraging",48,1
"763",9,1,2,14,"Foraging",112,1
"764",9,1,2,1,"Foraging",8,1
"765",9,1,2,1,"Foraging",8,1
"766",9,1,2,7,"Foraging",56,0
"767",9,1,3,8,"Foraging",64,1
"768",9,1,3,3,"Foraging",24,1
"769",9,1,3,2,"Foraging",16,1
"770",9,1,3,2,"Foraging",16,0
"771",9,1,4,7,"Foraging",56,1
"772",9,1,4,7,"Foraging",56,1
"773",9,1,4,6,"Foraging",48,1
"774",9,1,4,4,"Foraging",32,1
"775",9,1,4,3,"Foraging",24,1
"776",9,1,4,4,"Foraging",32,0
"777",9,2,1,47,"Foraging",376,1
"778",9,2,1,16,"Foraging",128,1
"779",9,2,1,8,"Foraging",64,1
"780",9,2,1,2,"Foraging",16,1
"781",9,2,1,20,"Foraging",160,1
"782",9,2,1,22,"Foraging",176,1
"783",9,2,1,7,"Foraging",56,1
"784",9,2,1,19,"Foraging",152,1
"785",9,2,1,11,"Foraging",88,1
"786",9,2,1,2,"Foraging",16,1
"787",9,2,1,6,"Foraging",48,1
"788",9,2,1,1,"Foraging",8,1
"789",9,2,1,10,"Foraging",80,1
"790",9,2,1,11,"Foraging",88,1
"791",9,2,1,22,"Foraging",176,1
"792",9,2,1,4,"Foraging",32,1
"793",9,2,1,37,"Foraging",296,1
"794",9,2,1,2,"Foraging",16,1
"795",9,2,1,2,"Foraging",16,1
"796",9,2,1,2,"Foraging",16,1
"797",9,2,1,2,"Foraging",16,1
"798",9,2,1,2,"Foraging",16,1
"799",9,2,1,2,"Foraging",16,1
"800",9,2,1,2,"Foraging",16,1
"801",9,2,1,2,"Foraging",16,1
"802",9,2,1,3,"Foraging",24,1
"803",9,2,2,1,"Foraging",8,1
"804",9,2,2,10,"Foraging",80,1
"805",9,2,2,4,"Foraging",32,1
"806",9,2,2,17,"Foraging",136,1
"807",9,2,2,1,"Foraging",8,1
"808",9,2,2,5,"Foraging",40,1
"809",9,2,2,1,"Foraging",8,0
"810",9,2,3,1,"Foraging",8,1
"811",9,2,3,3,"Foraging",24,1
"812",9,2,3,3,"Foraging",24,1
"813",9,2,3,3,"Foraging",24,1
"814",9,2,3,2,"Foraging",16,1
"815",9,2,3,2,"Foraging",16,0
"816",9,2,4,1,"Foraging",8,1
"817",9,2,4,32,"Foraging",256,1
"818",9,2,4,4,"Foraging",32,0
"819",10,1,1,1,"Foraging",8,1
"820",10,1,1,1,"Foraging",8,1
"821",10,1,1,52,"Foraging",416,1
"822",10,1,1,15,"Foraging",120,1
"823",10,1,1,15,"Foraging",120,1
"824",10,1,1,14,"Foraging",112,1
"825",10,1,1,36,"Foraging",288,1
"826",10,1,1,15,"Foraging",120,1
"827",10,1,1,12,"Foraging",96,1
"828",10,1,1,9,"Foraging",72,1
"829",10,1,1,11,"Foraging",88,1
"830",10,1,1,17,"Foraging",136,1
"831",10,1,1,21,"Foraging",168,1
"832",10,1,1,10,"Foraging",80,1
"833",10,1,1,17,"Foraging",136,1
"834",10,1,1,2,"Foraging",16,1
"835",10,1,1,2,"Foraging",16,1
"836",10,1,1,2,"Foraging",16,1
"837",10,1,1,2,"Foraging",16,1
"838",10,1,1,2,"Foraging",16,1
"839",10,1,1,5,"Foraging",40,1
"840",10,1,1,2,"Foraging",16,1
"841",10,1,1,3,"Foraging",24,1
"842",10,1,2,1,"Foraging",8,1
"843",10,1,2,1,"Foraging",8,1
"844",10,1,2,31,"Foraging",248,1
"845",10,1,2,1,"Foraging",8,1
"846",10,1,2,4,"Foraging",32,1
"847",10,1,2,2,"Foraging",16,0
"848",10,1,3,1,"Foraging",8,1
"849",10,1,3,1,"Foraging",8,1
"850",10,1,3,1,"Foraging",8,1
"851",10,1,3,3,"Foraging",24,1
"852",10,1,3,3,"Foraging",24,1
"853",10,1,3,2,"Foraging",16,1
"854",10,1,3,2,"Foraging",16,0
"855",10,1,4,3,"Foraging",24,1
"856",10,1,4,2,"Foraging",16,1
"857",10,1,4,32,"Foraging",256,0
"858",10,2,1,2,"Foraging",16,1
"859",10,2,1,18,"Foraging",144,1
"860",10,2,1,37,"Foraging",296,1
"861",10,2,1,49,"Foraging",392,1
"862",10,2,1,5,"Foraging",40,1
"863",10,2,1,5,"Foraging",40,1
"864",10,2,1,21,"Foraging",168,1
"865",10,2,1,25,"Foraging",200,1
"866",10,2,1,48,"Foraging",384,1
"867",10,2,1,29,"Foraging",232,1
"868",10,2,1,14,"Foraging",112,1
"869",10,2,1,5,"Foraging",40,1
"870",10,2,1,2,"Foraging",16,1
"871",10,2,1,2,"Foraging",16,1
"872",10,2,1,2,"Foraging",16,1
"873",10,2,1,2,"Foraging",16,1
"874",10,2,1,2,"Foraging",16,1
"875",10,2,1,2,"Foraging",16,1
"876",10,2,1,4,"Foraging",32,0
"877",10,2,2,26,"Foraging",208,1
"878",10,2,2,3,"Foraging",24,1
"879",10,2,2,4,"Foraging",32,1
"880",10,2,2,9,"Foraging",72,0
"881",10,2,3,4,"Foraging",32,1
"882",10,2,3,3,"Foraging",24,1
"883",10,2,3,3,"Foraging",24,1
"884",10,2,3,2,"Foraging",16,1
"885",10,2,3,1,"Foraging",8,1
"886",10,2,4,3,"Foraging",24,1
"887",10,2,4,27,"Foraging",216,1
"888",10,2,4,6,"Foraging",48,0
"889",11,1,1,4,"Foraging",32,1
"890",11,1,1,13,"Foraging",104,1
"891",11,1,1,11,"Foraging",88,1
"892",11,1,1,4,"Foraging",32,1
"893",11,1,1,16,"Foraging",128,1
"894",11,1,1,1,"Foraging",8,1
"895",11,1,1,7,"Foraging",56,1
"896",11,1,1,5,"Foraging",40,1
"897",11,1,1,8,"Foraging",64,1
"898",11,1,1,7,"Foraging",56,1
"899",11,1,1,9,"Foraging",72,1
"900",11,1,1,5,"Foraging",40,1
"901",11,1,1,21,"Foraging",168,1
"902",11,1,1,4,"Foraging",32,1
"903",11,1,1,2,"Foraging",16,1
"904",11,1,1,9,"Foraging",72,1
"905",11,1,1,6,"Foraging",48,1
"906",11,1,1,3,"Foraging",24,1
"907",11,1,1,3,"Foraging",24,1
"908",11,1,1,8,"Foraging",64,1
"909",11,1,1,10,"Foraging",80,1
"910",11,1,1,13,"Foraging",104,1
"911",11,1,1,1,"Foraging",8,1
"912",11,1,1,35,"Foraging",280,1
"913",11,1,1,11,"Foraging",88,1
"914",11,1,1,2,"Foraging",16,1
"915",11,1,1,15,"Foraging",120,1
"916",11,1,1,1,"Foraging",8,1
"917",11,1,1,1,"Foraging",8,1
"918",11,1,1,6,"Foraging",48,1
"919",11,1,1,5,"Foraging",40,1
"920",11,1,1,2,"Foraging",16,1
"921",11,1,1,2,"Foraging",16,1
"922",11,1,1,2,"Foraging",16,1
"923",11,1,1,1,"Foraging",8,1
"924",11,1,1,2,"Foraging",16,0
"925",11,1,2,2,"Foraging",16,1
"926",11,1,2,9,"Foraging",72,1
"927",11,1,2,1,"Foraging",8,1
"928",11,1,2,12,"Foraging",96,1
"929",11,1,2,7,"Foraging",56,1
"930",11,1,2,1,"Foraging",8,1
"931",11,1,2,1,"Foraging",8,1
"932",11,1,2,5,"Foraging",40,0
"933",11,1,3,1,"Foraging",8,1
"934",11,1,3,1,"Foraging",8,1
"935",11,1,3,1,"Foraging",8,1
"936",11,1,3,1,"Foraging",8,1
"937",11,1,3,3,"Foraging",24,1
"938",11,1,3,2,"Foraging",16,1
"939",11,1,3,2,"Foraging",16,0
"940",11,1,4,3,"Foraging",24,1
"941",11,1,4,11,"Foraging",88,1
"942",11,1,4,22,"Foraging",176,0
"943",11,2,1,1,"Foraging",8,1
"944",11,2,1,15,"Foraging",120,1
"945",11,2,1,2,"Foraging",16,1
"946",11,2,1,6,"Foraging",48,1
"947",11,2,1,33,"Foraging",264,1
"948",11,2,1,69,"Foraging",552,1
"949",11,2,1,15,"Foraging",120,1
"950",11,2,1,2,"Foraging",16,1
"951",11,2,1,42,"Foraging",336,1
"952",11,2,1,2,"Foraging",16,1
"953",11,2,1,39,"Foraging",312,1
"954",11,2,1,10,"Foraging",80,1
"955",11,2,1,14,"Foraging",112,1
"956",11,2,1,2,"Foraging",16,1
"957",11,2,1,2,"Foraging",16,1
"958",11,2,1,2,"Foraging",16,1
"959",11,2,1,2,"Foraging",16,1
"960",11,2,1,2,"Foraging",16,1
"961",11,2,1,2,"Foraging",16,1
"962",11,2,1,2,"Foraging",16,1
"963",11,2,1,2,"Foraging",16,1
"964",11,2,1,4,"Foraging",32,0
"965",11,2,2,3,"Foraging",24,1
"966",11,2,2,3,"Foraging",24,1
"967",11,2,2,27,"Foraging",216,1
"968",11,2,2,7,"Foraging",56,1
"969",11,2,2,1,"Foraging",8,0
"970",11,2,3,1,"Foraging",8,1
"971",11,2,3,3,"Foraging",24,1
"972",11,2,3,3,"Foraging",24,1
"973",11,2,3,3,"Foraging",24,1
"974",11,2,3,2,"Foraging",16,1
"975",11,2,3,2,"Foraging",16,0
"976",11,2,4,8,"Foraging",64,1
"977",11,2,4,3,"Foraging",24,1
"978",11,2,4,5,"Foraging",40,1
"979",11,2,4,17,"Foraging",136,0
"980",12,1,1,2,"Foraging",16,1
"981",12,1,1,11,"Foraging",88,1
"982",12,1,1,1,"Foraging",8,1
"983",12,1,1,5,"Foraging",40,1
"984",12,1,1,15,"Foraging",120,1
"985",12,1,1,1,"Foraging",8,1
"986",12,1,1,12,"Foraging",96,1
"987",12,1,1,25,"Foraging",200,1
"988",12,1,1,9,"Foraging",72,1
"989",12,1,1,17,"Foraging",136,1
"990",12,1,1,3,"Foraging",24,1
"991",12,1,1,11,"Foraging",88,1
"992",12,1,1,27,"Foraging",216,1
"993",12,1,1,49,"Foraging",392,1
"994",12,1,1,26,"Foraging",208,1
"995",12,1,1,4,"Foraging",32,1
"996",12,1,1,6,"Foraging",48,1
"997",12,1,1,1,"Foraging",8,1
"998",12,1,1,14,"Foraging",112,1
"999",12,1,1,1,"Foraging",8,1
"1000",12,1,1,3,"Foraging",24,1
"1001",12,1,1,2,"Foraging",16,1
"1002",12,1,1,2,"Foraging",16,1
"1003",12,1,1,2,"Foraging",16,1
"1004",12,1,1,2,"Foraging",16,1
"1005",12,1,1,2,"Foraging",16,1
"1006",12,1,1,2,"Foraging",16,1
"1007",12,1,1,1,"Foraging",8,1
"1008",12,1,1,2,"Foraging",16,0
"1009",12,1,2,4,"Foraging",32,1
"1010",12,1,2,14,"Foraging",112,1
"1011",12,1,2,4,"Foraging",32,1
"1012",12,1,2,9,"Foraging",72,1
"1013",12,1,2,9,"Foraging",72,0
"1014",12,1,3,3,"Foraging",24,1
"1015",12,1,3,3,"Foraging",24,1
"1016",12,1,3,3,"Foraging",24,1
"1017",12,1,3,1,"Foraging",8,1
"1018",12,1,3,2,"Foraging",16,1
"1019",12,1,3,2,"Foraging",16,0
"1020",12,1,4,6,"Foraging",48,1
"1021",12,1,4,13,"Foraging",104,1
"1022",12,1,4,8,"Foraging",64,1
"1023",12,1,4,3,"Foraging",24,1
"1024",12,1,4,3,"Foraging",24,0
"1025",12,2,1,94,"Foraging",752,1
"1026",12,2,1,6,"Foraging",48,1
"1027",12,2,1,48,"Foraging",384,1
"1028",12,2,1,43,"Foraging",344,1
"1029",12,2,1,20,"Foraging",160,1
"1030",12,2,1,22,"Foraging",176,1
"1031",12,2,1,21,"Foraging",168,1
"1032",12,2,1,2,"Foraging",16,1
"1033",12,2,1,2,"Foraging",16,1
"1034",12,2,1,2,"Foraging",16,1
"1035",12,2,1,2,"Foraging",16,1
"1036",12,2,1,5,"Foraging",40,1
"1037",12,2,1,2,"Foraging",16,1
"1038",12,2,1,2,"Foraging",16,1
"1039",12,2,1,1,"Foraging",8,1
"1040",12,2,1,2,"Foraging",16,0
"1041",12,2,2,3,"Foraging",24,1
"1042",12,2,2,18,"Foraging",144,1
"1043",12,2,2,11,"Foraging",88,1
"1044",12,2,2,9,"Foraging",72,0
"1045",12,2,3,9,"Foraging",72,1
"1046",12,2,3,1,"Foraging",8,1
"1047",12,2,3,1,"Foraging",8,1
"1048",12,2,3,5,"Foraging",40,0
"1049",12,2,4,17,"Foraging",136,1
"1050",12,2,4,2,"Foraging",16,1
"1051",12,2,4,16,"Foraging",128,0
"1052",13,1,1,4,"Foraging",32,1
"1053",13,1,1,8,"Foraging",64,1
"1054",13,1,1,8,"Foraging",64,1
"1055",13,1,1,2,"Foraging",16,1
"1056",13,1,1,33,"Foraging",264,1
"1057",13,1,1,22,"Foraging",176,1
"1058",13,1,1,14,"Foraging",112,1
"1059",13,1,1,12,"Foraging",96,1
"1060",13,1,1,20,"Foraging",160,1
"1061",13,1,1,1,"Foraging",8,1
"1062",13,1,1,22,"Foraging",176,1
"1063",13,1,1,13,"Foraging",104,1
"1064",13,1,1,1,"Foraging",8,1
"1065",13,1,1,21,"Foraging",168,1
"1066",13,1,1,19,"Foraging",152,1
"1067",13,1,1,5,"Foraging",40,1
"1068",13,1,1,8,"Foraging",64,1
"1069",13,1,1,29,"Foraging",232,1
"1070",13,1,1,2,"Foraging",16,1
"1071",13,1,1,2,"Foraging",16,1
"1072",13,1,1,2,"Foraging",16,1
"1073",13,1,1,2,"Foraging",16,1
"1074",13,1,1,2,"Foraging",16,1
"1075",13,1,1,5,"Foraging",40,1
"1076",13,1,1,2,"Foraging",16,1
"1077",13,1,1,2,"Foraging",16,1
"1078",13,1,1,4,"Foraging",32,0
"1079",13,1,2,3,"Foraging",24,1
"1080",13,1,2,14,"Foraging",112,1
"1081",13,1,2,6,"Foraging",48,1
"1082",13,1,2,2,"Foraging",16,1
"1083",13,1,2,5,"Foraging",40,1
"1084",13,1,2,7,"Foraging",56,1
"1085",13,1,2,1,"Foraging",8,0
"1086",13,1,3,3,"Foraging",24,1
"1087",13,1,3,3,"Foraging",24,1
"1088",13,1,3,5,"Foraging",40,1
"1089",13,1,3,2,"Foraging",16,1
"1090",13,1,3,2,"Foraging",16,0
"1091",13,1,4,3,"Foraging",24,1
"1092",13,1,4,2,"Foraging",16,1
"1093",13,1,4,8,"Foraging",64,1
"1094",13,1,4,3,"Foraging",24,1
"1095",13,1,4,15,"Foraging",120,0
"1096",13,2,1,1,"Foraging",8,1
"1097",13,2,1,2,"Foraging",16,1
"1098",13,2,1,13,"Foraging",104,1
"1099",13,2,1,1,"Foraging",8,1
"1100",13,2,1,3,"Foraging",24,1
"1101",13,2,1,44,"Foraging",352,1
"1102",13,2,1,4,"Foraging",32,1
"1103",13,2,1,14,"Foraging",112,1
"1104",13,2,1,10,"Foraging",80,1
"1105",13,2,1,4,"Foraging",32,1
"1106",13,2,1,50,"Foraging",400,1
"1107",13,2,1,2,"Foraging",16,1
"1108",13,2,1,1,"Foraging",8,1
"1109",13,2,1,6,"Foraging",48,1
"1110",13,2,1,2,"Foraging",16,1
"1111",13,2,1,56,"Foraging",448,1
"1112",13,2,1,12,"Foraging",96,1
"1113",13,2,1,8,"Foraging",64,1
"1114",13,2,1,9,"Foraging",72,1
"1115",13,2,1,1,"Foraging",8,1
"1116",13,2,1,1,"Foraging",8,1
"1117",13,2,1,3,"Foraging",24,1
"1118",13,2,1,2,"Foraging",16,1
"1119",13,2,1,2,"Foraging",16,1
"1120",13,2,1,5,"Foraging",40,1
"1121",13,2,1,2,"Foraging",16,1
"1122",13,2,1,2,"Foraging",16,1
"1123",13,2,1,4,"Foraging",32,0
"1124",13,2,2,19,"Foraging",152,1
"1125",13,2,2,13,"Foraging",104,1
"1126",13,2,2,1,"Foraging",8,1
"1127",13,2,2,1,"Foraging",8,1
"1128",13,2,2,7,"Foraging",56,0
"1129",13,2,3,13,"Foraging",104,1
"1130",13,2,3,3,"Foraging",24,1
"1131",13,2,3,1,"Foraging",8,0
"1132",13,2,4,4,"Foraging",32,1
"1133",13,2,4,34,"Foraging",272,0
